ES,SI,AT,MK,PT,DE,AL,RS,NL,ME,DK,LU,RO,FR,GR,BG,SK,CH,HR,CZ,BA,HU,IT,PL,BE
228,5461,2639,221,796,2617,85,5396,5362,5398,2400,3078,3973,3037,99,81,3684,2339,2345,2215,4388,5118,128,2341,4346
229,5462,4284,222,871,2618,86,5397,5364,5399,2401,3079,3978,4364,100,82,3685,2340,4429,2347,4389,5119,129,3227,4347
230,5463,4285,223,917,2619,87,5402,5365,5400,2402,3080,3981,4366,101,83,3686,5114,4430,2348,4390,5120,130,3228,4348
231,5464,4286,224,918,2620,88,5403,5366,5401,2403,3081,3982,4367,103,84,3687,5115,4431,2349,4391,5121,135,3229,4349
232,5465,4287,225,1011,2621,89,5404,5367,5406,2404,3082,3983,4466,104,3927,3688,5116,4432,2350,4392,5122,145,3230,4350
233,5466,4288,5360,1078,2622,90,5405,5368,5807,2406,3083,3984,4467,105,3928,3689,5354,4433,2351,4393,5123,146,3231,4351
234,5467,4289,5361,1126,2623,91,5407,5369,6656,2407,3084,3985,4468,106,3929,3690,5499,4434,2352,4394,5124,147,3232,4352
235,5468,4290,6726,1134,2624,92,5408,5370,6657,2408,3085,3986,4469,107,3930,3691,5500,4435,2353,4395,5125,148,3233,4353
236,5469,4291,6727,1488,2625,93,5409,5371,6682,2409,3086,3987,4470,108,3931,3692,5501,4436,2354,4396,5126,149,3234,4354
237,5470,4292,7070,1489,2626,94,5410,5372,6683,2410,3087,3988,4471,109,3932,3693,5502,4437,2355,4397,5127,150,3235,4355
238,5471,4293,7071,1490,2627,95,5411,5373,,2412,3088,3989,4472,110,3933,3694,5503,4438,2356,4398,5128,151,3236,4356
239,5472,4294,7083,1491,2628,500,5412,5374,,2413,6008,3990,4473,111,3934,3695,5504,4439,2357,4399,5129,152,3237,4357
240,5473,4295,,1492,2629,511,5413,5375,,2414,,3991,4474,112,3935,3696,5505,4440,2358,4400,5130,153,3238,4358
241,6913,4296,,1493,2630,512,5414,5376,,2415,,3992,4475,113,3936,3697,5506,4441,2359,4401,5131,154,3239,4359
242,6914,4297,,1494,2631,513,5415,5377,,2416,,3993,4476,114,3937,3698,5507,4442,2360,4402,5132,155,3240,4360
243,,4298,,1495,2632,514,5416,5378,,2417,,3994,4477,115,3938,3699,5508,4443,2361,4403,5133,156,3241,4361
244,,4299,,1496,2633,515,5417,5379,,2418,,3995,4478,116,3939,3700,5509,4444,2362,4404,5134,157,3242,4362
245,,4300,,1497,2634,526,5418,5380,,2419,,3996,4479,117,3940,3701,5510,4445,2363,4405,5135,158,3243,4363
246,,4301,,1498,2635,549,5419,5381,,2420,,3997,4480,118,3941,3702,5511,4446,2364,4406,5136,159,3244,4365
247,,4302,,1499,2636,4159,5420,5382,,2421,,3998,4481,119,3942,3703,5512,4447,2365,4407,5137,160,3245,4368
248,,4303,,1500,2637,4245,5421,5383,,2422,,3999,4482,120,3943,3704,5513,4448,2366,4408,5138,161,3246,4369
249,,4304,,1501,2638,5982,5422,5385,,2423,,4000,4483,121,3944,3705,5514,4449,2367,4409,5139,162,3247,4370
250,,4305,,1502,2640,6735,5423,5386,,2424,,4001,4484,122,3945,3706,5515,4450,2368,4410,5140,163,3248,4371
251,,4306,,1503,2641,6742,5424,5387,,2425,,4002,4485,123,3946,3707,5516,4456,2369,4411,5141,164,3249,4372
252,,4307,,1504,2642,7084,5425,5388,,2426,,4003,4486,124,3947,3708,5517,4458,2370,4413,5142,165,3250,4373
253,,4308,,1505,2643,7085,5426,5390,,2427,,4004,4487,125,3948,3709,5518,5756,2371,4414,5143,166,3251,4374
254,,4309,,1506,2644,7086,5427,5391,,2428,,4005,4488,126,3949,3710,5519,5985,2372,4415,5144,167,3252,4375
255,,4310,,1507,2645,7087,5428,5392,,2429,,4006,4489,1375,3950,3711,5520,7351,2373,4416,5145,168,3253,4376
256,,4311,,1508,2646,7098,5429,5393,,2430,,4007,4490,1376,3951,3712,5521,,2374,4417,5146,169,3254,4377
257,,4312,,1509,2647,7663,5430,5394,,2431,,4008,4491,1377,3952,3713,5522,,2375,4419,5147,170,3255,4378
258,,4313,,1510,2648,,5431,6080,,2432,,4009,4492,1378,3953,5995,5523,,2376,4420,5148,171,3256,4379
259,,4314,,1511,2649,,5432,6081,,2433,,4010,4493,1379,3954,6059,5524,,2377,5836,5149,172,3257,4380
260,,4315,,1512,2650,,5433,6082,,2434,,4011,4494,6732,3955,7276,5525,,2378,5837,5150,173,3258,4381
261,,4316,,1513,2651,,5434,6083,,2435,,4012,4495,7080,3956,7546,5526,,2379,6037,5151,174,3259,4382
262,,4317,,1514,2652,,5435,6637,,2436,,4013,4496,7081,3957,7568,5527,,2380,7692,5152,175,3260,4383
263,,4318,,1515,2653,,5436,6666,,2437,,4014,4497,7117,3958,7579,5528,,2381,,5153,176,3261,4384
264,,4319,,1516,2654,,5437,6667,,2438,,4015,4498,7317,3959,7596,5529,,2382,,5154,177,3262,4385
265,,4320,,1517,2655,,5438,6922,,2439,,4016,4499,7318,3960,7620,5530,,2383,,5155,178,3263,4386
266,,4321,,1518,2656,,5439,,,2440,,4017,4500,,3961,7639,5531,,2384,,6029,179,3264,4387
267,,4322,,1519,2657,,5440,,,2441,,4018,4501,,3962,7675,5532,,2385,,6058,180,3265,5363
268,,4323,,1520,2658,,5441,,,2442,,4019,4502,,3963,7743,5534,,2386,,6929,181,3266,5921
269,,4324,,1521,2659,,5442,,,2443,,4020,4503,,3964,7872,5535,,2387,,6930,182,3267,5922
270,,4325,,1522,2660,,5443,,,2444,,4021,4504,,3965,7884,5536,,2388,,6971,183,3268,5977
271,,4326,,1523,2661,,5444,,,2445,,4022,4505,,3966,,5538,,2389,,6972,184,3269,6963
272,,4327,,1524,2662,,5445,,,2446,,4023,4506,,3967,,5539,,2390,,7366,185,3270,7353
279,,4328,,1525,2663,,5446,,,2447,,4024,4507,,3968,,5540,,2391,,7841,186,3271,7354
280,,4329,,1527,2664,,5447,,,2448,,4025,4508,,3969,,5541,,2392,,7887,187,3272,7658
281,,4330,,1528,2665,,5448,,,2449,,4026,4509,,3970,,5542,,2393,,,188,3273,7701
282,,4331,,1529,2666,,5451,,,2450,,4027,4510,,3971,,5543,,2394,,,189,3274,7782
283,,4332,,1530,2667,,5881,,,2451,,4029,4511,,4039,,5544,,2395,,,190,3275,7866
284,,4333,,1531,2668,,5902,,,2452,,4030,4512,,5940,,5545,,2396,,,191,3276,
285,,4334,,1532,2669,,5937,,,2453,,4031,4513,,5941,,5546,,2397,,,192,3277,
286,,4335,,1533,2670,,7311,,,2454,,4032,4514,,6627,,5547,,2398,,,193,3278,
287,,4336,,1534,2671,,,,,2455,,4033,4515,,6628,,5548,,2399,,,194,3279,
288,,4337,,1535,2672,,,,,2456,,4034,4516,,6733,,5549,,5948,,,195,3280,
289,,4338,,1536,2673,,,,,2457,,4035,4517,,6734,,5550,,7445,,,196,3281,
290,,4339,,1537,2674,,,,,2458,,4036,4518,,6960,,5551,,7471,,,197,3282,
291,,4340,,1538,2675,,,,,2459,,4037,4519,,6961,,5552,,7495,,,198,3283,
292,,4341,,1539,2676,,,,,2460,,4038,4520,,6962,,5553,,7506,,,199,3284,
293,,4342,,1540,2677,,,,,2461,,4040,4521,,7046,,5554,,7552,,,200,3285,
294,,4343,,1541,2678,,,,,2462,,4041,4522,,7049,,5555,,7563,,,201,3286,
295,,4344,,1542,2679,,,,,2463,,4042,4523,,7079,,5556,,7577,,,202,3287,
296,,4345,,1543,2680,,,,,2464,,4043,4524,,7082,,5557,,7677,,,203,3288,
297,,5845,,1544,2681,,,,,2465,,4044,4525,,7352,,5558,,7717,,,204,3289,
298,,5846,,1545,2682,,,,,2466,,4045,4526,,,,5559,,7742,,,205,3290,
299,,5847,,1546,2683,,,,,2467,,4046,4527,,,,5560,,7755,,,206,3291,
300,,5848,,1547,2684,,,,,2468,,4047,4528,,,,5561,,7778,,,207,3292,
301,,5983,,1548,2685,,,,,2469,,4048,4529,,,,5562,,7784,,,208,3293,
304,,5984,,1549,2686,,,,,2470,,4049,4530,,,,5563,,7818,,,209,3294,
305,,6020,,1550,2687,,,,,2471,,4050,4531,,,,5564,,7874,,,211,3295,
306,,6655,,1551,2688,,,,,2472,,4051,4532,,,,5566,,7875,,,212,3296,
307,,6964,,1552,2689,,,,,2473,,4052,4534,,,,5567,,,,,213,3297,
308,,6965,,1553,2690,,,,,2474,,4053,4535,,,,5568,,,,,215,3298,
309,,7355,,1554,2691,,,,,2475,,4054,4536,,,,5569,,,,,216,3299,
310,,7720,,1555,2692,,,,,2476,,4055,4537,,,,5570,,,,,217,3300,
311,,7751,,1556,2693,,,,,2477,,4056,4538,,,,5571,,,,,218,3301,
312,,7805,,1557,2694,,,,,2479,,4057,4539,,,,5572,,,,,219,3302,
313,,7838,,1558,2695,,,,,2480,,4058,4540,,,,5573,,,,,520,3303,
314,,,,1559,2696,,,,,2481,,4059,4541,,,,5574,,,,,521,3304,
315,,,,1560,2697,,,,,2482,,4060,4542,,,,5575,,,,,522,3305,
316,,,,1561,2698,,,,,2483,,4061,4543,,,,5576,,,,,523,3306,
317,,,,1563,2699,,,,,2484,,4062,4544,,,,5577,,,,,524,3307,
320,,,,1564,2700,,,,,2485,,4063,4545,,,,5578,,,,,525,3308,
321,,,,1565,2701,,,,,2486,,4064,4546,,,,5579,,,,,1482,3309,
323,,,,1566,2702,,,,,2487,,4065,4547,,,,5580,,,,,4745,3310,
324,,,,1755,2703,,,,,2488,,4066,4548,,,,5581,,,,,5158,3311,
325,,,,1756,2704,,,,,2489,,4067,4549,,,,5582,,,,,5159,3312,
326,,,,1757,2705,,,,,2490,,4068,4550,,,,5583,,,,,5160,3313,
327,,,,1760,2706,,,,,2491,,4069,4551,,,,5584,,,,,5161,3314,
328,,,,1761,2707,,,,,2492,,4070,4552,,,,5585,,,,,5162,3315,
329,,,,1762,2708,,,,,2493,,4071,4553,,,,5586,,,,,5163,3316,
330,,,,1768,2709,,,,,2494,,4072,4554,,,,5587,,,,,5164,3317,
333,,,,1769,2710,,,,,2495,,4073,4555,,,,5588,,,,,5165,3318,
334,,,,1807,2711,,,,,2496,,4074,4556,,,,5589,,,,,5166,3319,
335,,,,6806,2712,,,,,2497,,4075,4557,,,,5590,,,,,5167,3320,
336,,,,6807,2713,,,,,2498,,4076,4558,,,,5591,,,,,5168,3321,
337,,,,6808,2714,,,,,2499,,4077,4559,,,,5592,,,,,5169,3322,
338,,,,6809,2715,,,,,2500,,4078,4560,,,,5593,,,,,5170,3323,
339,,,,6810,2716,,,,,2501,,4079,4561,,,,5594,,,,,5171,3324,
340,,,,6811,2717,,,,,2502,,4080,4562,,,,5595,,,,,5172,3325,
341,,,,6812,2718,,,,,2503,,4081,4563,,,,5596,,,,,5173,3326,
342,,,,6813,2719,,,,,2504,,5733,4564,,,,5597,,,,,5174,3327,
343,,,,6815,2720,,,,,2505,,5916,4565,,,,5598,,,,,5175,3328,
344,,,,6816,2721,,,,,2506,,6915,4566,,,,5599,,,,,5176,3330,
491,,,,6817,2722,,,,,2507,,6916,4567,,,,5600,,,,,5177,3332,
492,,,,6818,2723,,,,,2508,,6917,4568,,,,5601,,,,,5178,3333,
493,,,,6824,2724,,,,,2509,,6918,4569,,,,5602,,,,,5179,3334,
494,,,,6825,2725,,,,,2510,,6919,4570,,,,5603,,,,,5180,3335,
495,,,,6838,2726,,,,,2511,,6920,4571,,,,5604,,,,,5181,3336,
496,,,,6839,2727,,,,,2512,,7312,4572,,,,5605,,,,,5182,3337,
497,,,,6840,2728,,,,,2513,,7313,4573,,,,5606,,,,,5183,3338,
501,,,,6851,2729,,,,,2514,,7439,4574,,,,5607,,,,,5184,3339,
503,,,,6852,2730,,,,,2515,,7488,4575,,,,5608,,,,,5185,3340,
504,,,,6853,2731,,,,,2516,,7525,4576,,,,5609,,,,,5186,3341,
505,,,,6854,2732,,,,,2517,,7547,4577,,,,5610,,,,,5187,3342,
506,,,,7007,2733,,,,,2518,,7614,4578,,,,5611,,,,,5188,3343,
507,,,,7008,2734,,,,,2519,,7621,4579,,,,5612,,,,,5189,3344,
508,,,,7009,2735,,,,,2520,,7637,4580,,,,5613,,,,,5190,3345,
509,,,,7158,2736,,,,,2521,,7647,4581,,,,5614,,,,,5191,3346,
510,,,,7174,2737,,,,,2522,,7690,4582,,,,5616,,,,,5192,3347,
527,,,,7175,2738,,,,,2523,,7756,4583,,,,5617,,,,,5193,3348,
528,,,,7176,2739,,,,,2524,,7825,4584,,,,5618,,,,,5194,3349,
529,,,,7177,2740,,,,,2525,,7849,4585,,,,5619,,,,,5195,3350,
530,,,,7178,2741,,,,,2526,,7893,4586,,,,5620,,,,,5196,3351,
531,,,,7179,2742,,,,,2527,,,4587,,,,5621,,,,,5197,3352,
532,,,,7180,2743,,,,,2528,,,4588,,,,5623,,,,,5198,3353,
533,,,,7181,2744,,,,,2529,,,4589,,,,5624,,,,,5199,3354,
534,,,,7183,2745,,,,,2530,,,4590,,,,5625,,,,,5200,3355,
537,,,,7184,2746,,,,,2531,,,4591,,,,5626,,,,,5201,3356,
538,,,,7187,2747,,,,,2532,,,4592,,,,5627,,,,,5202,3357,
539,,,,7218,2748,,,,,2533,,,4593,,,,5628,,,,,5203,3358,
540,,,,7219,2749,,,,,2534,,,4594,,,,5629,,,,,5204,5824,
541,,,,7231,2750,,,,,2535,,,4595,,,,5630,,,,,5205,5854,
542,,,,7397,2751,,,,,2536,,,4596,,,,5749,,,,,5206,5877,
550,,,,7430,2753,,,,,2537,,,4597,,,,5808,,,,,5207,5878,
551,,,,7452,2754,,,,,2540,,,4598,,,,5832,,,,,5208,5879,
1188,,,,7480,2755,,,,,2541,,,4599,,,,5833,,,,,5209,5880,
1366,,,,7491,2756,,,,,2542,,,4600,,,,5834,,,,,5210,5915,
1367,,,,7551,2757,,,,,2543,,,4601,,,,5843,,,,,5211,5947,
1368,,,,7585,2758,,,,,2544,,,4602,,,,5844,,,,,5212,5998,
1483,,,,7628,2759,,,,,2545,,,4603,,,,5946,,,,,5213,5999,
1568,,,,7698,2760,,,,,2546,,,4604,,,,6970,,,,,5215,6000,
1569,,,,7699,2761,,,,,3546,,,4605,,,,6975,,,,,5216,6001,
1570,,,,7799,2762,,,,,3890,,,4606,,,,6976,,,,,5217,6069,
1571,,,,7844,2763,,,,,5805,,,4607,,,,7308,,,,,5218,6883,
1572,,,,7889,2764,,,,,5825,,,4608,,,,7310,,,,,5219,7260,
1573,,,,,2765,,,,,5826,,,4609,,,,7483,,,,,5220,7261,
1574,,,,,2766,,,,,5827,,,4610,,,,7505,,,,,5221,7262,
1575,,,,,2767,,,,,5840,,,4611,,,,7608,,,,,5222,7263,
1576,,,,,2768,,,,,5841,,,4612,,,,7669,,,,,5223,7372,
1577,,,,,2769,,,,,5842,,,4613,,,,7670,,,,,5224,7373,
1578,,,,,2770,,,,,5897,,,4614,,,,7686,,,,,5225,7435,
1579,,,,,2771,,,,,5898,,,4615,,,,7691,,,,,5226,7442,
1580,,,,,2772,,,,,5899,,,4616,,,,7704,,,,,5227,7444,
1581,,,,,2773,,,,,5900,,,4617,,,,7732,,,,,5228,7468,
1582,,,,,2774,,,,,5901,,,4618,,,,7733,,,,,5229,7503,
1583,,,,,2775,,,,,5944,,,4619,,,,7753,,,,,5230,7507,
1584,,,,,2776,,,,,6019,,,4620,,,,7762,,,,,5231,7515,
1585,,,,,2777,,,,,6033,,,4621,,,,7768,,,,,5232,7541,
1586,,,,,2778,,,,,6034,,,4622,,,,7804,,,,,5233,7589,
1587,,,,,2779,,,,,6872,,,4623,,,,7809,,,,,5234,7597,
1588,,,,,2780,,,,,6873,,,4624,,,,7819,,,,,5235,7602,
1589,,,,,2781,,,,,6988,,,4625,,,,7829,,,,,5236,7604,
1590,,,,,2782,,,,,7244,,,4626,,,,,,,,,5237,7640,
1591,,,,,2783,,,,,7453,,,4627,,,,,,,,,5238,7644,
1592,,,,,2784,,,,,7489,,,4628,,,,,,,,,5239,7666,
1593,,,,,2785,,,,,7513,,,4629,,,,,,,,,5240,7668,
1594,,,,,2786,,,,,7516,,,4630,,,,,,,,,5241,7680,
1595,,,,,2787,,,,,7520,,,4631,,,,,,,,,5242,7684,
1596,,,,,2788,,,,,7527,,,4632,,,,,,,,,5243,7685,
1597,,,,,2789,,,,,7540,,,4633,,,,,,,,,5244,7689,
1598,,,,,2790,,,,,7544,,,4634,,,,,,,,,5245,7697,
1599,,,,,2791,,,,,7559,,,4635,,,,,,,,,5246,7702,
1600,,,,,2792,,,,,7600,,,4636,,,,,,,,,5247,7739,
1601,,,,,2793,,,,,7613,,,4637,,,,,,,,,5248,7740,
1602,,,,,2794,,,,,7635,,,4638,,,,,,,,,5249,7754,
1603,,,,,2795,,,,,7676,,,4639,,,,,,,,,5250,7773,
1604,,,,,2796,,,,,7708,,,4640,,,,,,,,,5251,7775,
1605,,,,,2797,,,,,7797,,,4641,,,,,,,,,5252,7776,
1606,,,,,2798,,,,,7801,,,4642,,,,,,,,,5253,7779,
1607,,,,,2799,,,,,7854,,,4643,,,,,,,,,5254,7806,
1608,,,,,2800,,,,,7855,,,4644,,,,,,,,,5255,7817,
1609,,,,,2801,,,,,,,,4645,,,,,,,,,5256,7834,
1610,,,,,2802,,,,,,,,4646,,,,,,,,,5257,7840,
1611,,,,,2803,,,,,,,,4647,,,,,,,,,5258,7845,
1612,,,,,2805,,,,,,,,4648,,,,,,,,,5259,7847,
1613,,,,,2807,,,,,,,,4649,,,,,,,,,5260,7885,
1614,,,,,2808,,,,,,,,4650,,,,,,,,,5261,7886,
1615,,,,,2809,,,,,,,,4651,,,,,,,,,5262,,
1616,,,,,2810,,,,,,,,4652,,,,,,,,,5263,,
1617,,,,,2811,,,,,,,,4653,,,,,,,,,5264,,
1618,,,,,2812,,,,,,,,4654,,,,,,,,,5265,,
1619,,,,,2813,,,,,,,,4655,,,,,,,,,5266,,
1620,,,,,2814,,,,,,,,4656,,,,,,,,,5267,,
1621,,,,,2815,,,,,,,,4657,,,,,,,,,5268,,
1622,,,,,2816,,,,,,,,4658,,,,,,,,,5269,,
1623,,,,,2817,,,,,,,,4659,,,,,,,,,5271,,
1624,,,,,2818,,,,,,,,4660,,,,,,,,,5272,,
1625,,,,,2819,,,,,,,,4661,,,,,,,,,5273,,
1627,,,,,2820,,,,,,,,4662,,,,,,,,,5274,,
1629,,,,,2821,,,,,,,,4663,,,,,,,,,5275,,
1630,,,,,2822,,,,,,,,4664,,,,,,,,,5276,,
1631,,,,,2823,,,,,,,,4665,,,,,,,,,5277,,
1632,,,,,2824,,,,,,,,4666,,,,,,,,,5278,,
1633,,,,,2825,,,,,,,,4667,,,,,,,,,5279,,
1634,,,,,2826,,,,,,,,4668,,,,,,,,,5280,,
1635,,,,,2827,,,,,,,,4669,,,,,,,,,5281,,
1636,,,,,2828,,,,,,,,4670,,,,,,,,,5282,,
1637,,,,,2829,,,,,,,,4671,,,,,,,,,5283,,
1638,,,,,2830,,,,,,,,4672,,,,,,,,,5284,,
1639,,,,,2831,,,,,,,,4673,,,,,,,,,5285,,
1640,,,,,2832,,,,,,,,4674,,,,,,,,,5286,,
1641,,,,,2833,,,,,,,,4675,,,,,,,,,5287,,
1642,,,,,2834,,,,,,,,4676,,,,,,,,,5288,,
1643,,,,,2835,,,,,,,,4677,,,,,,,,,5289,,
1644,,,,,2836,,,,,,,,4678,,,,,,,,,5290,,
1645,,,,,2837,,,,,,,,4679,,,,,,,,,5291,,
1646,,,,,2838,,,,,,,,4680,,,,,,,,,5292,,
1647,,,,,2839,,,,,,,,4681,,,,,,,,,5293,,
1648,,,,,2840,,,,,,,,4682,,,,,,,,,5294,,
1649,,,,,2841,,,,,,,,4683,,,,,,,,,5295,,
1650,,,,,2842,,,,,,,,4684,,,,,,,,,5296,,
1651,,,,,2843,,,,,,,,4685,,,,,,,,,5297,,
1652,,,,,2844,,,,,,,,4686,,,,,,,,,5298,,
1653,,,,,2845,,,,,,,,4687,,,,,,,,,5299,,
1654,,,,,2846,,,,,,,,4688,,,,,,,,,5300,,
1655,,,,,2847,,,,,,,,4689,,,,,,,,,5301,,
1656,,,,,2848,,,,,,,,4690,,,,,,,,,5302,,
1657,,,,,2849,,,,,,,,4691,,,,,,,,,5303,,
1658,,,,,2850,,,,,,,,4692,,,,,,,,,5304,,
1659,,,,,2851,,,,,,,,4693,,,,,,,,,5305,,
1660,,,,,2852,,,,,,,,4694,,,,,,,,,5306,,
1661,,,,,2853,,,,,,,,4695,,,,,,,,,5307,,
1662,,,,,2854,,,,,,,,4696,,,,,,,,,5308,,
1663,,,,,2855,,,,,,,,4697,,,,,,,,,5309,,
1664,,,,,2856,,,,,,,,4698,,,,,,,,,5310,,
1665,,,,,2857,,,,,,,,4699,,,,,,,,,5311,,
1666,,,,,2858,,,,,,,,4700,,,,,,,,,5312,,
1667,,,,,2859,,,,,,,,4701,,,,,,,,,5313,,
1668,,,,,2860,,,,,,,,4703,,,,,,,,,5314,,
1669,,,,,2861,,,,,,,,4704,,,,,,,,,5315,,
1670,,,,,2862,,,,,,,,4705,,,,,,,,,5316,,
1671,,,,,2863,,,,,,,,4706,,,,,,,,,5317,,
1672,,,,,2864,,,,,,,,4707,,,,,,,,,5318,,
1673,,,,,2865,,,,,,,,4708,,,,,,,,,5319,,
1674,,,,,2866,,,,,,,,4709,,,,,,,,,5320,,
1675,,,,,2867,,,,,,,,4710,,,,,,,,,5321,,
1676,,,,,2868,,,,,,,,4711,,,,,,,,,5322,,
1677,,,,,2869,,,,,,,,4712,,,,,,,,,5323,,
1678,,,,,2870,,,,,,,,4713,,,,,,,,,5324,,
1679,,,,,2871,,,,,,,,4714,,,,,,,,,5325,,
1680,,,,,2872,,,,,,,,4715,,,,,,,,,5326,,
1681,,,,,2873,,,,,,,,4716,,,,,,,,,5327,,
1682,,,,,2874,,,,,,,,4717,,,,,,,,,5328,,
1683,,,,,2875,,,,,,,,4718,,,,,,,,,5329,,
1684,,,,,2876,,,,,,,,4719,,,,,,,,,5330,,
1685,,,,,2877,,,,,,,,4720,,,,,,,,,5331,,
1686,,,,,2878,,,,,,,,4721,,,,,,,,,5332,,
1687,,,,,2879,,,,,,,,4722,,,,,,,,,5333,,
1688,,,,,2880,,,,,,,,4723,,,,,,,,,5334,,
1689,,,,,2881,,,,,,,,4724,,,,,,,,,5335,,
1690,,,,,2882,,,,,,,,4725,,,,,,,,,5336,,
1691,,,,,2884,,,,,,,,4726,,,,,,,,,5337,,
1692,,,,,2885,,,,,,,,4727,,,,,,,,,5338,,
1693,,,,,2886,,,,,,,,4728,,,,,,,,,5339,,
1694,,,,,2887,,,,,,,,4729,,,,,,,,,5340,,
1695,,,,,2888,,,,,,,,4730,,,,,,,,,5341,,
1696,,,,,2889,,,,,,,,4731,,,,,,,,,5342,,
1697,,,,,2890,,,,,,,,4732,,,,,,,,,5343,,
1698,,,,,2891,,,,,,,,4733,,,,,,,,,5344,,
1699,,,,,2892,,,,,,,,4734,,,,,,,,,5345,,
1700,,,,,2893,,,,,,,,4735,,,,,,,,,5346,,
1701,,,,,2894,,,,,,,,4736,,,,,,,,,5347,,
1702,,,,,2895,,,,,,,,4737,,,,,,,,,5348,,
1703,,,,,2896,,,,,,,,4738,,,,,,,,,5349,,
1704,,,,,2897,,,,,,,,4739,,,,,,,,,5350,,
1705,,,,,2898,,,,,,,,4740,,,,,,,,,5351,,
1706,,,,,2899,,,,,,,,4741,,,,,,,,,5352,,
1707,,,,,2900,,,,,,,,4742,,,,,,,,,5353,,
1708,,,,,2901,,,,,,,,4743,,,,,,,,,5355,,
1709,,,,,2902,,,,,,,,4744,,,,,,,,,5356,,
1710,,,,,2903,,,,,,,,4746,,,,,,,,,5357,,
1711,,,,,2904,,,,,,,,4747,,,,,,,,,5358,,
1712,,,,,2905,,,,,,,,4748,,,,,,,,,5359,,
1713,,,,,2906,,,,,,,,4749,,,,,,,,,5849,,
1714,,,,,2907,,,,,,,,4750,,,,,,,,,5914,,
1715,,,,,2908,,,,,,,,4751,,,,,,,,,6016,,
1716,,,,,2909,,,,,,,,4752,,,,,,,,,6017,,
1717,,,,,2910,,,,,,,,4753,,,,,,,,,6018,,
1718,,,,,2911,,,,,,,,4754,,,,,,,,,6728,,
1719,,,,,2912,,,,,,,,4755,,,,,,,,,6729,,
1720,,,,,2913,,,,,,,,4756,,,,,,,,,6730,,
1721,,,,,2914,,,,,,,,4757,,,,,,,,,6731,,
1722,,,,,2915,,,,,,,,4758,,,,,,,,,6924,,
1723,,,,,2916,,,,,,,,4759,,,,,,,,,6926,,
1724,,,,,2917,,,,,,,,4760,,,,,,,,,6927,,
1725,,,,,2918,,,,,,,,4761,,,,,,,,,6928,,
1726,,,,,2919,,,,,,,,4762,,,,,,,,,6983,,
1727,,,,,2920,,,,,,,,4763,,,,,,,,,7072,,
1728,,,,,2921,,,,,,,,4764,,,,,,,,,7073,,
1729,,,,,2922,,,,,,,,4765,,,,,,,,,7075,,
1730,,,,,2923,,,,,,,,4766,,,,,,,,,7077,,
1731,,,,,2924,,,,,,,,4767,,,,,,,,,7078,,
1732,,,,,2925,,,,,,,,4768,,,,,,,,,7314,,
1733,,,,,2926,,,,,,,,4769,,,,,,,,,7315,,
1734,,,,,2927,,,,,,,,4770,,,,,,,,,7316,,
1735,,,,,2928,,,,,,,,4771,,,,,,,,,7460,,
1736,,,,,2929,,,,,,,,4772,,,,,,,,,7465,,
1737,,,,,2930,,,,,,,,4773,,,,,,,,,7496,,
1738,,,,,2931,,,,,,,,4774,,,,,,,,,7502,,
1739,,,,,2932,,,,,,,,4775,,,,,,,,,7542,,
1740,,,,,2933,,,,,,,,4776,,,,,,,,,7550,,
1741,,,,,2934,,,,,,,,4777,,,,,,,,,7572,,
1742,,,,,2935,,,,,,,,4778,,,,,,,,,7584,,
1743,,,,,2936,,,,,,,,4779,,,,,,,,,7603,,
1744,,,,,2937,,,,,,,,4780,,,,,,,,,7650,,
1745,,,,,2938,,,,,,,,4781,,,,,,,,,7665,,
1746,,,,,2939,,,,,,,,4782,,,,,,,,,7667,,
1747,,,,,2941,,,,,,,,4783,,,,,,,,,7730,,
1748,,,,,2942,,,,,,,,4784,,,,,,,,,7731,,
1749,,,,,2943,,,,,,,,4785,,,,,,,,,7738,,
1750,,,,,2944,,,,,,,,4786,,,,,,,,,7747,,
1751,,,,,2945,,,,,,,,4787,,,,,,,,,7765,,
1752,,,,,2946,,,,,,,,4788,,,,,,,,,7823,,
1754,,,,,2947,,,,,,,,4789,,,,,,,,,,,
1758,,,,,2948,,,,,,,,4790,,,,,,,,,,,
1759,,,,,2949,,,,,,,,4791,,,,,,,,,,,
1764,,,,,2950,,,,,,,,4792,,,,,,,,,,,
1765,,,,,2951,,,,,,,,4793,,,,,,,,,,,
1766,,,,,2952,,,,,,,,4794,,,,,,,,,,,
1767,,,,,2953,,,,,,,,4795,,,,,,,,,,,
1770,,,,,2954,,,,,,,,4796,,,,,,,,,,,
1771,,,,,2955,,,,,,,,4797,,,,,,,,,,,
1772,,,,,2956,,,,,,,,4798,,,,,,,,,,,
1773,,,,,2957,,,,,,,,4799,,,,,,,,,,,
1774,,,,,2958,,,,,,,,4800,,,,,,,,,,,
1775,,,,,2959,,,,,,,,4801,,,,,,,,,,,
1776,,,,,2960,,,,,,,,4802,,,,,,,,,,,
1777,,,,,2961,,,,,,,,4803,,,,,,,,,,,
1778,,,,,2962,,,,,,,,4804,,,,,,,,,,,
1779,,,,,2963,,,,,,,,4805,,,,,,,,,,,
1780,,,,,2964,,,,,,,,4806,,,,,,,,,,,
1781,,,,,2965,,,,,,,,4807,,,,,,,,,,,
1782,,,,,2966,,,,,,,,4808,,,,,,,,,,,
1783,,,,,2967,,,,,,,,4809,,,,,,,,,,,
1784,,,,,2968,,,,,,,,4810,,,,,,,,,,,
1785,,,,,2969,,,,,,,,4811,,,,,,,,,,,
1786,,,,,2970,,,,,,,,4812,,,,,,,,,,,
1787,,,,,2971,,,,,,,,4813,,,,,,,,,,,
1788,,,,,2972,,,,,,,,4814,,,,,,,,,,,
1789,,,,,2973,,,,,,,,4815,,,,,,,,,,,
1790,,,,,2974,,,,,,,,4816,,,,,,,,,,,
1791,,,,,2975,,,,,,,,4817,,,,,,,,,,,
1792,,,,,2976,,,,,,,,4818,,,,,,,,,,,
1793,,,,,2977,,,,,,,,4819,,,,,,,,,,,
1794,,,,,2978,,,,,,,,4820,,,,,,,,,,,
1795,,,,,2979,,,,,,,,4821,,,,,,,,,,,
1796,,,,,2980,,,,,,,,4822,,,,,,,,,,,
1797,,,,,2981,,,,,,,,4823,,,,,,,,,,,
1798,,,,,2982,,,,,,,,4824,,,,,,,,,,,
1799,,,,,2983,,,,,,,,4825,,,,,,,,,,,
1800,,,,,2984,,,,,,,,4826,,,,,,,,,,,
1801,,,,,2985,,,,,,,,4827,,,,,,,,,,,
1802,,,,,2986,,,,,,,,4828,,,,,,,,,,,
1803,,,,,2987,,,,,,,,4829,,,,,,,,,,,
1804,,,,,2988,,,,,,,,4830,,,,,,,,,,,
1805,,,,,2989,,,,,,,,4831,,,,,,,,,,,
1806,,,,,2990,,,,,,,,4832,,,,,,,,,,,
1808,,,,,2991,,,,,,,,4833,,,,,,,,,,,
1809,,,,,2992,,,,,,,,4834,,,,,,,,,,,
1810,,,,,2993,,,,,,,,4835,,,,,,,,,,,
1811,,,,,2994,,,,,,,,4836,,,,,,,,,,,
1813,,,,,2995,,,,,,,,4837,,,,,,,,,,,
1814,,,,,2997,,,,,,,,4838,,,,,,,,,,,
1815,,,,,2998,,,,,,,,4839,,,,,,,,,,,
1816,,,,,2999,,,,,,,,4840,,,,,,,,,,,
1817,,,,,3000,,,,,,,,4841,,,,,,,,,,,
1818,,,,,3001,,,,,,,,4842,,,,,,,,,,,
1819,,,,,3002,,,,,,,,4843,,,,,,,,,,,
1820,,,,,3003,,,,,,,,4844,,,,,,,,,,,
1821,,,,,3004,,,,,,,,4845,,,,,,,,,,,
1822,,,,,3005,,,,,,,,4846,,,,,,,,,,,
1989,,,,,3006,,,,,,,,4847,,,,,,,,,,,
1990,,,,,3007,,,,,,,,4848,,,,,,,,,,,
1991,,,,,3008,,,,,,,,4849,,,,,,,,,,,
1992,,,,,3009,,,,,,,,4850,,,,,,,,,,,
1993,,,,,3010,,,,,,,,4851,,,,,,,,,,,
4533,,,,,3011,,,,,,,,4852,,,,,,,,,,,
5477,,,,,3012,,,,,,,,4853,,,,,,,,,,,
5478,,,,,3013,,,,,,,,4854,,,,,,,,,,,
5479,,,,,3014,,,,,,,,4855,,,,,,,,,,,
5480,,,,,3015,,,,,,,,4856,,,,,,,,,,,
5481,,,,,3016,,,,,,,,4857,,,,,,,,,,,
5482,,,,,3017,,,,,,,,4858,,,,,,,,,,,
5483,,,,,3018,,,,,,,,4859,,,,,,,,,,,
5484,,,,,3019,,,,,,,,4860,,,,,,,,,,,
5485,,,,,3020,,,,,,,,4861,,,,,,,,,,,
5486,,,,,3021,,,,,,,,4862,,,,,,,,,,,
5487,,,,,3022,,,,,,,,4863,,,,,,,,,,,
5488,,,,,3023,,,,,,,,4864,,,,,,,,,,,
5489,,,,,3024,,,,,,,,4865,,,,,,,,,,,
5490,,,,,3025,,,,,,,,4866,,,,,,,,,,,
5491,,,,,3026,,,,,,,,4867,,,,,,,,,,,
5492,,,,,3027,,,,,,,,4868,,,,,,,,,,,
5493,,,,,3028,,,,,,,,4869,,,,,,,,,,,
5494,,,,,3029,,,,,,,,4870,,,,,,,,,,,
5495,,,,,3030,,,,,,,,4871,,,,,,,,,,,
5496,,,,,3031,,,,,,,,4872,,,,,,,,,,,
5497,,,,,3032,,,,,,,,4873,,,,,,,,,,,
5498,,,,,3033,,,,,,,,4874,,,,,,,,,,,
5925,,,,,3034,,,,,,,,4875,,,,,,,,,,,
6032,,,,,3035,,,,,,,,4876,,,,,,,,,,,
6088,,,,,3036,,,,,,,,4877,,,,,,,,,,,
6090,,,,,3038,,,,,,,,4878,,,,,,,,,,,
6205,,,,,3039,,,,,,,,4879,,,,,,,,,,,
6206,,,,,3040,,,,,,,,4880,,,,,,,,,,,
6207,,,,,3041,,,,,,,,4881,,,,,,,,,,,
6208,,,,,3042,,,,,,,,4882,,,,,,,,,,,
6209,,,,,3043,,,,,,,,4883,,,,,,,,,,,
6210,,,,,3044,,,,,,,,4884,,,,,,,,,,,
6211,,,,,5819,,,,,,,,4885,,,,,,,,,,,
6212,,,,,5820,,,,,,,,4886,,,,,,,,,,,
6213,,,,,5821,,,,,,,,4887,,,,,,,,,,,
6214,,,,,5822,,,,,,,,4888,,,,,,,,,,,
6215,,,,,5829,,,,,,,,4889,,,,,,,,,,,
6216,,,,,5831,,,,,,,,4890,,,,,,,,,,,
6217,,,,,5861,,,,,,,,4891,,,,,,,,,,,
6218,,,,,5862,,,,,,,,4892,,,,,,,,,,,
6219,,,,,5892,,,,,,,,4893,,,,,,,,,,,
6220,,,,,5903,,,,,,,,4894,,,,,,,,,,,
6221,,,,,5904,,,,,,,,4895,,,,,,,,,,,
6222,,,,,5906,,,,,,,,4896,,,,,,,,,,,
6223,,,,,5907,,,,,,,,4897,,,,,,,,,,,
6224,,,,,5936,,,,,,,,4898,,,,,,,,,,,
6225,,,,,5968,,,,,,,,4899,,,,,,,,,,,
6226,,,,,5969,,,,,,,,4900,,,,,,,,,,,
6227,,,,,5970,,,,,,,,4901,,,,,,,,,,,
6228,,,,,5997,,,,,,,,4902,,,,,,,,,,,
6229,,,,,6021,,,,,,,,4903,,,,,,,,,,,
6230,,,,,6022,,,,,,,,4904,,,,,,,,,,,
6231,,,,,6024,,,,,,,,4905,,,,,,,,,,,
6232,,,,,6025,,,,,,,,4906,,,,,,,,,,,
6233,,,,,6026,,,,,,,,4907,,,,,,,,,,,
6234,,,,,6041,,,,,,,,4908,,,,,,,,,,,
6235,,,,,6042,,,,,,,,4909,,,,,,,,,,,
6236,,,,,6043,,,,,,,,4910,,,,,,,,,,,
6237,,,,,6045,,,,,,,,4911,,,,,,,,,,,
6238,,,,,6046,,,,,,,,4912,,,,,,,,,,,
6239,,,,,6047,,,,,,,,4913,,,,,,,,,,,
6240,,,,,6087,,,,,,,,4914,,,,,,,,,,,
6241,,,,,6875,,,,,,,,4915,,,,,,,,,,,
6242,,,,,6876,,,,,,,,4916,,,,,,,,,,,
6243,,,,,6877,,,,,,,,4917,,,,,,,,,,,
6244,,,,,6879,,,,,,,,4918,,,,,,,,,,,
6245,,,,,6880,,,,,,,,4919,,,,,,,,,,,
6246,,,,,6881,,,,,,,,4920,,,,,,,,,,,
6247,,,,,6980,,,,,,,,4921,,,,,,,,,,,
6248,,,,,6992,,,,,,,,4922,,,,,,,,,,,
6249,,,,,7103,,,,,,,,4923,,,,,,,,,,,
6250,,,,,7245,,,,,,,,4924,,,,,,,,,,,
6251,,,,,7246,,,,,,,,4925,,,,,,,,,,,
6252,,,,,7248,,,,,,,,4926,,,,,,,,,,,
6253,,,,,7249,,,,,,,,4927,,,,,,,,,,,
6254,,,,,7250,,,,,,,,4929,,,,,,,,,,,
6255,,,,,7251,,,,,,,,4930,,,,,,,,,,,
6256,,,,,7252,,,,,,,,4931,,,,,,,,,,,
6257,,,,,7253,,,,,,,,4932,,,,,,,,,,,
6258,,,,,7254,,,,,,,,4933,,,,,,,,,,,
6259,,,,,7255,,,,,,,,4934,,,,,,,,,,,
6260,,,,,7256,,,,,,,,4935,,,,,,,,,,,
6261,,,,,7257,,,,,,,,4936,,,,,,,,,,,
6262,,,,,7258,,,,,,,,4937,,,,,,,,,,,
6263,,,,,7361,,,,,,,,4938,,,,,,,,,,,
6264,,,,,7362,,,,,,,,4939,,,,,,,,,,,
6265,,,,,7367,,,,,,,,4940,,,,,,,,,,,
6266,,,,,7377,,,,,,,,4941,,,,,,,,,,,
6267,,,,,7378,,,,,,,,4942,,,,,,,,,,,
6268,,,,,7451,,,,,,,,4943,,,,,,,,,,,
6269,,,,,7456,,,,,,,,4944,,,,,,,,,,,
6270,,,,,7463,,,,,,,,4945,,,,,,,,,,,
6271,,,,,7466,,,,,,,,4946,,,,,,,,,,,
6272,,,,,7467,,,,,,,,4947,,,,,,,,,,,
6273,,,,,7472,,,,,,,,4948,,,,,,,,,,,
6274,,,,,7473,,,,,,,,4949,,,,,,,,,,,
6275,,,,,7474,,,,,,,,4950,,,,,,,,,,,
6276,,,,,7478,,,,,,,,4951,,,,,,,,,,,
6277,,,,,7490,,,,,,,,4952,,,,,,,,,,,
6278,,,,,7499,,,,,,,,4953,,,,,,,,,,,
6279,,,,,7500,,,,,,,,4954,,,,,,,,,,,
6280,,,,,7504,,,,,,,,4955,,,,,,,,,,,
6281,,,,,7508,,,,,,,,4956,,,,,,,,,,,
6282,,,,,7509,,,,,,,,4957,,,,,,,,,,,
6283,,,,,7512,,,,,,,,4958,,,,,,,,,,,
6284,,,,,7518,,,,,,,,4959,,,,,,,,,,,
6285,,,,,7521,,,,,,,,4960,,,,,,,,,,,
6286,,,,,7522,,,,,,,,4961,,,,,,,,,,,
6287,,,,,7524,,,,,,,,4962,,,,,,,,,,,
6288,,,,,7533,,,,,,,,4963,,,,,,,,,,,
6289,,,,,7537,,,,,,,,4964,,,,,,,,,,,
6290,,,,,7539,,,,,,,,4965,,,,,,,,,,,
6291,,,,,7545,,,,,,,,4966,,,,,,,,,,,
6292,,,,,7554,,,,,,,,4967,,,,,,,,,,,
6293,,,,,7555,,,,,,,,4968,,,,,,,,,,,
6294,,,,,7557,,,,,,,,4969,,,,,,,,,,,
6295,,,,,7560,,,,,,,,4970,,,,,,,,,,,
6296,,,,,7564,,,,,,,,4971,,,,,,,,,,,
6297,,,,,7566,,,,,,,,4972,,,,,,,,,,,
6298,,,,,7576,,,,,,,,4973,,,,,,,,,,,
6299,,,,,7588,,,,,,,,4974,,,,,,,,,,,
6300,,,,,7610,,,,,,,,4975,,,,,,,,,,,
6301,,,,,7611,,,,,,,,4977,,,,,,,,,,,
6302,,,,,7615,,,,,,,,4978,,,,,,,,,,,
6303,,,,,7622,,,,,,,,4979,,,,,,,,,,,
6304,,,,,7630,,,,,,,,4980,,,,,,,,,,,
6305,,,,,7646,,,,,,,,4981,,,,,,,,,,,
6306,,,,,7649,,,,,,,,4982,,,,,,,,,,,
6307,,,,,7651,,,,,,,,4983,,,,,,,,,,,
6308,,,,,7652,,,,,,,,4984,,,,,,,,,,,
6309,,,,,7653,,,,,,,,4985,,,,,,,,,,,
6310,,,,,7660,,,,,,,,4986,,,,,,,,,,,
6311,,,,,7672,,,,,,,,4987,,,,,,,,,,,
6312,,,,,7703,,,,,,,,4988,,,,,,,,,,,
6313,,,,,7716,,,,,,,,4989,,,,,,,,,,,
6314,,,,,7721,,,,,,,,4990,,,,,,,,,,,
6315,,,,,7722,,,,,,,,4991,,,,,,,,,,,
6316,,,,,7725,,,,,,,,4992,,,,,,,,,,,
6317,,,,,7726,,,,,,,,4993,,,,,,,,,,,
6318,,,,,7728,,,,,,,,4994,,,,,,,,,,,
6319,,,,,7729,,,,,,,,4996,,,,,,,,,,,
6320,,,,,7734,,,,,,,,4997,,,,,,,,,,,
6321,,,,,7735,,,,,,,,4998,,,,,,,,,,,
6322,,,,,7737,,,,,,,,4999,,,,,,,,,,,
6323,,,,,7748,,,,,,,,5000,,,,,,,,,,,
6324,,,,,7749,,,,,,,,5001,,,,,,,,,,,
6325,,,,,7758,,,,,,,,5002,,,,,,,,,,,
6326,,,,,7759,,,,,,,,5003,,,,,,,,,,,
6327,,,,,7760,,,,,,,,5004,,,,,,,,,,,
6328,,,,,7769,,,,,,,,5005,,,,,,,,,,,
6329,,,,,7780,,,,,,,,5006,,,,,,,,,,,
6330,,,,,7783,,,,,,,,5007,,,,,,,,,,,
6331,,,,,7785,,,,,,,,5008,,,,,,,,,,,
6332,,,,,7812,,,,,,,,5009,,,,,,,,,,,
6333,,,,,7815,,,,,,,,5010,,,,,,,,,,,
6334,,,,,7816,,,,,,,,5011,,,,,,,,,,,
6335,,,,,7828,,,,,,,,5012,,,,,,,,,,,
6336,,,,,7831,,,,,,,,5013,,,,,,,,,,,
6337,,,,,7836,,,,,,,,5014,,,,,,,,,,,
6338,,,,,7843,,,,,,,,5015,,,,,,,,,,,
6339,,,,,7848,,,,,,,,5016,,,,,,,,,,,
6340,,,,,7852,,,,,,,,5017,,,,,,,,,,,
6341,,,,,7861,,,,,,,,5018,,,,,,,,,,,
6342,,,,,7864,,,,,,,,5019,,,,,,,,,,,
6343,,,,,7868,,,,,,,,5020,,,,,,,,,,,
6344,,,,,7870,,,,,,,,5023,,,,,,,,,,,
6345,,,,,7877,,,,,,,,5024,,,,,,,,,,,
6346,,,,,7879,,,,,,,,5025,,,,,,,,,,,
6347,,,,,7880,,,,,,,,5026,,,,,,,,,,,
6348,,,,,7881,,,,,,,,5027,,,,,,,,,,,
6349,,,,,7882,,,,,,,,5028,,,,,,,,,,,
6350,,,,,7890,,,,,,,,5029,,,,,,,,,,,
6351,,,,,,,,,,,,,5030,,,,,,,,,,,
6352,,,,,,,,,,,,,5031,,,,,,,,,,,
6353,,,,,,,,,,,,,5032,,,,,,,,,,,
6354,,,,,,,,,,,,,5033,,,,,,,,,,,
6355,,,,,,,,,,,,,5034,,,,,,,,,,,
6356,,,,,,,,,,,,,5035,,,,,,,,,,,
6357,,,,,,,,,,,,,5036,,,,,,,,,,,
6359,,,,,,,,,,,,,5037,,,,,,,,,,,
6360,,,,,,,,,,,,,5038,,,,,,,,,,,
6361,,,,,,,,,,,,,5039,,,,,,,,,,,
6362,,,,,,,,,,,,,5040,,,,,,,,,,,
6559,,,,,,,,,,,,,5041,,,,,,,,,,,
6560,,,,,,,,,,,,,5042,,,,,,,,,,,
6561,,,,,,,,,,,,,5043,,,,,,,,,,,
6562,,,,,,,,,,,,,5044,,,,,,,,,,,
6563,,,,,,,,,,,,,5045,,,,,,,,,,,
6564,,,,,,,,,,,,,5046,,,,,,,,,,,
6565,,,,,,,,,,,,,5047,,,,,,,,,,,
6566,,,,,,,,,,,,,5048,,,,,,,,,,,
6567,,,,,,,,,,,,,5049,,,,,,,,,,,
6568,,,,,,,,,,,,,5050,,,,,,,,,,,
6569,,,,,,,,,,,,,5051,,,,,,,,,,,
6570,,,,,,,,,,,,,5052,,,,,,,,,,,
6571,,,,,,,,,,,,,5053,,,,,,,,,,,
6572,,,,,,,,,,,,,5054,,,,,,,,,,,
6573,,,,,,,,,,,,,5056,,,,,,,,,,,
6574,,,,,,,,,,,,,5057,,,,,,,,,,,
6575,,,,,,,,,,,,,5058,,,,,,,,,,,
6576,,,,,,,,,,,,,5059,,,,,,,,,,,
6577,,,,,,,,,,,,,5060,,,,,,,,,,,
6579,,,,,,,,,,,,,5061,,,,,,,,,,,
6580,,,,,,,,,,,,,5062,,,,,,,,,,,
6581,,,,,,,,,,,,,5063,,,,,,,,,,,
6582,,,,,,,,,,,,,5064,,,,,,,,,,,
6583,,,,,,,,,,,,,5065,,,,,,,,,,,
6584,,,,,,,,,,,,,5066,,,,,,,,,,,
6707,,,,,,,,,,,,,5067,,,,,,,,,,,
6708,,,,,,,,,,,,,5068,,,,,,,,,,,
6709,,,,,,,,,,,,,5069,,,,,,,,,,,
6710,,,,,,,,,,,,,5070,,,,,,,,,,,
6711,,,,,,,,,,,,,5071,,,,,,,,,,,
6712,,,,,,,,,,,,,5072,,,,,,,,,,,
6713,,,,,,,,,,,,,5073,,,,,,,,,,,
6714,,,,,,,,,,,,,5074,,,,,,,,,,,
6715,,,,,,,,,,,,,5075,,,,,,,,,,,
6716,,,,,,,,,,,,,5076,,,,,,,,,,,
6717,,,,,,,,,,,,,5077,,,,,,,,,,,
6718,,,,,,,,,,,,,5078,,,,,,,,,,,
6719,,,,,,,,,,,,,5079,,,,,,,,,,,
6720,,,,,,,,,,,,,5080,,,,,,,,,,,
6721,,,,,,,,,,,,,5081,,,,,,,,,,,
6722,,,,,,,,,,,,,5082,,,,,,,,,,,
6723,,,,,,,,,,,,,5083,,,,,,,,,,,
6724,,,,,,,,,,,,,5084,,,,,,,,,,,
6725,,,,,,,,,,,,,5085,,,,,,,,,,,
6736,,,,,,,,,,,,,5086,,,,,,,,,,,
6737,,,,,,,,,,,,,5087,,,,,,,,,,,
6738,,,,,,,,,,,,,5088,,,,,,,,,,,
6739,,,,,,,,,,,,,5089,,,,,,,,,,,
6740,,,,,,,,,,,,,5090,,,,,,,,,,,
6741,,,,,,,,,,,,,5091,,,,,,,,,,,
6743,,,,,,,,,,,,,5092,,,,,,,,,,,
6755,,,,,,,,,,,,,5093,,,,,,,,,,,
6786,,,,,,,,,,,,,5094,,,,,,,,,,,
6787,,,,,,,,,,,,,5095,,,,,,,,,,,
6788,,,,,,,,,,,,,5096,,,,,,,,,,,
6789,,,,,,,,,,,,,5097,,,,,,,,,,,
6790,,,,,,,,,,,,,5098,,,,,,,,,,,
6791,,,,,,,,,,,,,5099,,,,,,,,,,,
6792,,,,,,,,,,,,,5100,,,,,,,,,,,
6793,,,,,,,,,,,,,5101,,,,,,,,,,,
6794,,,,,,,,,,,,,5102,,,,,,,,,,,
6795,,,,,,,,,,,,,5103,,,,,,,,,,,
6796,,,,,,,,,,,,,5104,,,,,,,,,,,
6797,,,,,,,,,,,,,5105,,,,,,,,,,,
6798,,,,,,,,,,,,,5106,,,,,,,,,,,
6799,,,,,,,,,,,,,5107,,,,,,,,,,,
6800,,,,,,,,,,,,,5108,,,,,,,,,,,
6801,,,,,,,,,,,,,5109,,,,,,,,,,,
6802,,,,,,,,,,,,,5110,,,,,,,,,,,
6803,,,,,,,,,,,,,5111,,,,,,,,,,,
6804,,,,,,,,,,,,,5112,,,,,,,,,,,
6805,,,,,,,,,,,,,5113,,,,,,,,,,,
6814,,,,,,,,,,,,,5117,,,,,,,,,,,
6819,,,,,,,,,,,,,5855,,,,,,,,,,,
6820,,,,,,,,,,,,,5856,,,,,,,,,,,
6821,,,,,,,,,,,,,5857,,,,,,,,,,,
6822,,,,,,,,,,,,,5858,,,,,,,,,,,
6823,,,,,,,,,,,,,5860,,,,,,,,,,,
6826,,,,,,,,,,,,,5863,,,,,,,,,,,
6827,,,,,,,,,,,,,5864,,,,,,,,,,,
6828,,,,,,,,,,,,,5865,,,,,,,,,,,
6829,,,,,,,,,,,,,5910,,,,,,,,,,,
6830,,,,,,,,,,,,,5911,,,,,,,,,,,
6831,,,,,,,,,,,,,5912,,,,,,,,,,,
6832,,,,,,,,,,,,,5913,,,,,,,,,,,
6833,,,,,,,,,,,,,5949,,,,,,,,,,,
6834,,,,,,,,,,,,,5950,,,,,,,,,,,
6835,,,,,,,,,,,,,5951,,,,,,,,,,,
6836,,,,,,,,,,,,,5952,,,,,,,,,,,
6837,,,,,,,,,,,,,5953,,,,,,,,,,,
6841,,,,,,,,,,,,,5954,,,,,,,,,,,
6842,,,,,,,,,,,,,5955,,,,,,,,,,,
6843,,,,,,,,,,,,,5956,,,,,,,,,,,
6844,,,,,,,,,,,,,5957,,,,,,,,,,,
6845,,,,,,,,,,,,,5958,,,,,,,,,,,
6847,,,,,,,,,,,,,5959,,,,,,,,,,,
6848,,,,,,,,,,,,,5960,,,,,,,,,,,
6849,,,,,,,,,,,,,5961,,,,,,,,,,,
6850,,,,,,,,,,,,,5962,,,,,,,,,,,
6910,,,,,,,,,,,,,6002,,,,,,,,,,,
6911,,,,,,,,,,,,,6003,,,,,,,,,,,
6912,,,,,,,,,,,,,6004,,,,,,,,,,,
6966,,,,,,,,,,,,,6005,,,,,,,,,,,
6967,,,,,,,,,,,,,6006,,,,,,,,,,,
6981,,,,,,,,,,,,,6007,,,,,,,,,,,
6996,,,,,,,,,,,,,6060,,,,,,,,,,,
6997,,,,,,,,,,,,,6061,,,,,,,,,,,
6998,,,,,,,,,,,,,6062,,,,,,,,,,,
6999,,,,,,,,,,,,,6063,,,,,,,,,,,
7000,,,,,,,,,,,,,6064,,,,,,,,,,,
7001,,,,,,,,,,,,,6065,,,,,,,,,,,
7002,,,,,,,,,,,,,6066,,,,,,,,,,,
7003,,,,,,,,,,,,,6067,,,,,,,,,,,
7004,,,,,,,,,,,,,6068,,,,,,,,,,,
7005,,,,,,,,,,,,,6071,,,,,,,,,,,
7006,,,,,,,,,,,,,6072,,,,,,,,,,,
7018,,,,,,,,,,,,,6073,,,,,,,,,,,
7019,,,,,,,,,,,,,6074,,,,,,,,,,,
7020,,,,,,,,,,,,,6076,,,,,,,,,,,
7022,,,,,,,,,,,,,6077,,,,,,,,,,,
7024,,,,,,,,,,,,,6078,,,,,,,,,,,
7025,,,,,,,,,,,,,6079,,,,,,,,,,,
7026,,,,,,,,,,,,,6130,,,,,,,,,,,
7027,,,,,,,,,,,,,6131,,,,,,,,,,,
7028,,,,,,,,,,,,,6132,,,,,,,,,,,
7029,,,,,,,,,,,,,6133,,,,,,,,,,,
7030,,,,,,,,,,,,,6134,,,,,,,,,,,
7031,,,,,,,,,,,,,6135,,,,,,,,,,,
7032,,,,,,,,,,,,,6136,,,,,,,,,,,
7033,,,,,,,,,,,,,6137,,,,,,,,,,,
7041,,,,,,,,,,,,,6138,,,,,,,,,,,
7043,,,,,,,,,,,,,6139,,,,,,,,,,,
7044,,,,,,,,,,,,,6140,,,,,,,,,,,
7052,,,,,,,,,,,,,6141,,,,,,,,,,,
7053,,,,,,,,,,,,,6142,,,,,,,,,,,
7054,,,,,,,,,,,,,6143,,,,,,,,,,,
7055,,,,,,,,,,,,,6144,,,,,,,,,,,
7056,,,,,,,,,,,,,6145,,,,,,,,,,,
7057,,,,,,,,,,,,,6146,,,,,,,,,,,
7058,,,,,,,,,,,,,6147,,,,,,,,,,,
7059,,,,,,,,,,,,,6148,,,,,,,,,,,
7060,,,,,,,,,,,,,6149,,,,,,,,,,,
7061,,,,,,,,,,,,,6150,,,,,,,,,,,
7062,,,,,,,,,,,,,6151,,,,,,,,,,,
7063,,,,,,,,,,,,,6152,,,,,,,,,,,
7064,,,,,,,,,,,,,6153,,,,,,,,,,,
7065,,,,,,,,,,,,,6154,,,,,,,,,,,
7066,,,,,,,,,,,,,6155,,,,,,,,,,,
7067,,,,,,,,,,,,,6156,,,,,,,,,,,
7068,,,,,,,,,,,,,6157,,,,,,,,,,,
7069,,,,,,,,,,,,,6158,,,,,,,,,,,
7076,,,,,,,,,,,,,6159,,,,,,,,,,,
7088,,,,,,,,,,,,,6160,,,,,,,,,,,
7089,,,,,,,,,,,,,6161,,,,,,,,,,,
7090,,,,,,,,,,,,,6162,,,,,,,,,,,
7091,,,,,,,,,,,,,6163,,,,,,,,,,,
7092,,,,,,,,,,,,,6164,,,,,,,,,,,
7094,,,,,,,,,,,,,6165,,,,,,,,,,,
7095,,,,,,,,,,,,,6166,,,,,,,,,,,
7096,,,,,,,,,,,,,6167,,,,,,,,,,,
7097,,,,,,,,,,,,,6168,,,,,,,,,,,
7099,,,,,,,,,,,,,6169,,,,,,,,,,,
7100,,,,,,,,,,,,,6551,,,,,,,,,,,
7101,,,,,,,,,,,,,6552,,,,,,,,,,,
7140,,,,,,,,,,,,,6553,,,,,,,,,,,
7141,,,,,,,,,,,,,6557,,,,,,,,,,,
7142,,,,,,,,,,,,,6578,,,,,,,,,,,
7143,,,,,,,,,,,,,6586,,,,,,,,,,,
7144,,,,,,,,,,,,,6931,,,,,,,,,,,
7145,,,,,,,,,,,,,6932,,,,,,,,,,,
7146,,,,,,,,,,,,,6933,,,,,,,,,,,
7147,,,,,,,,,,,,,6934,,,,,,,,,,,
7148,,,,,,,,,,,,,6935,,,,,,,,,,,
7149,,,,,,,,,,,,,6936,,,,,,,,,,,
7150,,,,,,,,,,,,,6937,,,,,,,,,,,
7151,,,,,,,,,,,,,6938,,,,,,,,,,,
7152,,,,,,,,,,,,,6939,,,,,,,,,,,
7153,,,,,,,,,,,,,6940,,,,,,,,,,,
7154,,,,,,,,,,,,,6941,,,,,,,,,,,
7155,,,,,,,,,,,,,6942,,,,,,,,,,,
7156,,,,,,,,,,,,,6943,,,,,,,,,,,
7157,,,,,,,,,,,,,6945,,,,,,,,,,,
7159,,,,,,,,,,,,,6946,,,,,,,,,,,
7160,,,,,,,,,,,,,6947,,,,,,,,,,,
7161,,,,,,,,,,,,,6948,,,,,,,,,,,
7163,,,,,,,,,,,,,6949,,,,,,,,,,,
7164,,,,,,,,,,,,,6950,,,,,,,,,,,
7165,,,,,,,,,,,,,6951,,,,,,,,,,,
7166,,,,,,,,,,,,,6952,,,,,,,,,,,
7167,,,,,,,,,,,,,6953,,,,,,,,,,,
7168,,,,,,,,,,,,,6954,,,,,,,,,,,
7169,,,,,,,,,,,,,6955,,,,,,,,,,,
7170,,,,,,,,,,,,,6956,,,,,,,,,,,
7171,,,,,,,,,,,,,6957,,,,,,,,,,,
7172,,,,,,,,,,,,,6958,,,,,,,,,,,
7173,,,,,,,,,,,,,6959,,,,,,,,,,,
7185,,,,,,,,,,,,,6968,,,,,,,,,,,
7186,,,,,,,,,,,,,6973,,,,,,,,,,,
7188,,,,,,,,,,,,,6977,,,,,,,,,,,
7190,,,,,,,,,,,,,6987,,,,,,,,,,,
7191,,,,,,,,,,,,,7012,,,,,,,,,,,
7192,,,,,,,,,,,,,7013,,,,,,,,,,,
7193,,,,,,,,,,,,,7014,,,,,,,,,,,
7194,,,,,,,,,,,,,7015,,,,,,,,,,,
7195,,,,,,,,,,,,,7016,,,,,,,,,,,
7196,,,,,,,,,,,,,7017,,,,,,,,,,,
7197,,,,,,,,,,,,,7021,,,,,,,,,,,
7198,,,,,,,,,,,,,7034,,,,,,,,,,,
7199,,,,,,,,,,,,,7319,,,,,,,,,,,
7200,,,,,,,,,,,,,7320,,,,,,,,,,,
7201,,,,,,,,,,,,,7321,,,,,,,,,,,
7202,,,,,,,,,,,,,7322,,,,,,,,,,,
7203,,,,,,,,,,,,,7323,,,,,,,,,,,
7204,,,,,,,,,,,,,7324,,,,,,,,,,,
7205,,,,,,,,,,,,,7325,,,,,,,,,,,
7206,,,,,,,,,,,,,7326,,,,,,,,,,,
7207,,,,,,,,,,,,,7327,,,,,,,,,,,
7208,,,,,,,,,,,,,7328,,,,,,,,,,,
7209,,,,,,,,,,,,,7329,,,,,,,,,,,
7210,,,,,,,,,,,,,7330,,,,,,,,,,,
7211,,,,,,,,,,,,,7332,,,,,,,,,,,
7212,,,,,,,,,,,,,7333,,,,,,,,,,,
7213,,,,,,,,,,,,,7334,,,,,,,,,,,
7214,,,,,,,,,,,,,7336,,,,,,,,,,,
7215,,,,,,,,,,,,,7337,,,,,,,,,,,
7216,,,,,,,,,,,,,7339,,,,,,,,,,,
7359,,,,,,,,,,,,,7340,,,,,,,,,,,
7360,,,,,,,,,,,,,7341,,,,,,,,,,,
7386,,,,,,,,,,,,,7342,,,,,,,,,,,
7387,,,,,,,,,,,,,7343,,,,,,,,,,,
7388,,,,,,,,,,,,,7344,,,,,,,,,,,
7389,,,,,,,,,,,,,7346,,,,,,,,,,,
7390,,,,,,,,,,,,,7347,,,,,,,,,,,
7391,,,,,,,,,,,,,7348,,,,,,,,,,,
7392,,,,,,,,,,,,,7349,,,,,,,,,,,
7393,,,,,,,,,,,,,7350,,,,,,,,,,,
7394,,,,,,,,,,,,,7356,,,,,,,,,,,
7395,,,,,,,,,,,,,7357,,,,,,,,,,,
7396,,,,,,,,,,,,,7363,,,,,,,,,,,
7405,,,,,,,,,,,,,7364,,,,,,,,,,,
7406,,,,,,,,,,,,,7369,,,,,,,,,,,
7407,,,,,,,,,,,,,7370,,,,,,,,,,,
7408,,,,,,,,,,,,,7374,,,,,,,,,,,
7409,,,,,,,,,,,,,7375,,,,,,,,,,,
7410,,,,,,,,,,,,,7379,,,,,,,,,,,
7411,,,,,,,,,,,,,7380,,,,,,,,,,,
7412,,,,,,,,,,,,,7399,,,,,,,,,,,
7413,,,,,,,,,,,,,7400,,,,,,,,,,,
7414,,,,,,,,,,,,,7401,,,,,,,,,,,
7415,,,,,,,,,,,,,7402,,,,,,,,,,,
7417,,,,,,,,,,,,,7403,,,,,,,,,,,
7418,,,,,,,,,,,,,7404,,,,,,,,,,,
7424,,,,,,,,,,,,,7437,,,,,,,,,,,
7427,,,,,,,,,,,,,7449,,,,,,,,,,,
7428,,,,,,,,,,,,,7459,,,,,,,,,,,
7429,,,,,,,,,,,,,7477,,,,,,,,,,,
7436,,,,,,,,,,,,,7482,,,,,,,,,,,
7440,,,,,,,,,,,,,7484,,,,,,,,,,,
7443,,,,,,,,,,,,,7494,,,,,,,,,,,
7446,,,,,,,,,,,,,7510,,,,,,,,,,,
7447,,,,,,,,,,,,,7534,,,,,,,,,,,
7454,,,,,,,,,,,,,7538,,,,,,,,,,,
7457,,,,,,,,,,,,,7549,,,,,,,,,,,
7458,,,,,,,,,,,,,7553,,,,,,,,,,,
7461,,,,,,,,,,,,,7567,,,,,,,,,,,
7462,,,,,,,,,,,,,7574,,,,,,,,,,,
7464,,,,,,,,,,,,,7575,,,,,,,,,,,
7470,,,,,,,,,,,,,7578,,,,,,,,,,,
7476,,,,,,,,,,,,,7586,,,,,,,,,,,
7479,,,,,,,,,,,,,7593,,,,,,,,,,,
7481,,,,,,,,,,,,,7619,,,,,,,,,,,
7485,,,,,,,,,,,,,7636,,,,,,,,,,,
7497,,,,,,,,,,,,,7645,,,,,,,,,,,
7501,,,,,,,,,,,,,7656,,,,,,,,,,,
7511,,,,,,,,,,,,,7707,,,,,,,,,,,
7526,,,,,,,,,,,,,7709,,,,,,,,,,,
7529,,,,,,,,,,,,,7712,,,,,,,,,,,
7531,,,,,,,,,,,,,7713,,,,,,,,,,,
7535,,,,,,,,,,,,,7715,,,,,,,,,,,
7536,,,,,,,,,,,,,7736,,,,,,,,,,,
7543,,,,,,,,,,,,,7741,,,,,,,,,,,
7556,,,,,,,,,,,,,7744,,,,,,,,,,,
7558,,,,,,,,,,,,,7745,,,,,,,,,,,
7562,,,,,,,,,,,,,7750,,,,,,,,,,,
7565,,,,,,,,,,,,,7788,,,,,,,,,,,
7569,,,,,,,,,,,,,7790,,,,,,,,,,,
7573,,,,,,,,,,,,,7793,,,,,,,,,,,
7581,,,,,,,,,,,,,7794,,,,,,,,,,,
7582,,,,,,,,,,,,,7808,,,,,,,,,,,
7583,,,,,,,,,,,,,7821,,,,,,,,,,,
7587,,,,,,,,,,,,,7822,,,,,,,,,,,
7590,,,,,,,,,,,,,7824,,,,,,,,,,,
7592,,,,,,,,,,,,,7865,,,,,,,,,,,
7595,,,,,,,,,,,,,7876,,,,,,,,,,,
7599,,,,,,,,,,,,,,,,,,,,,,,,
7609,,,,,,,,,,,,,,,,,,,,,,,,
7612,,,,,,,,,,,,,,,,,,,,,,,,
7617,,,,,,,,,,,,,,,,,,,,,,,,
7623,,,,,,,,,,,,,,,,,,,,,,,,
7634,,,,,,,,,,,,,,,,,,,,,,,,
7655,,,,,,,,,,,,,,,,,,,,,,,,
7657,,,,,,,,,,,,,,,,,,,,,,,,
7661,,,,,,,,,,,,,,,,,,,,,,,,
7662,,,,,,,,,,,,,,,,,,,,,,,,
7674,,,,,,,,,,,,,,,,,,,,,,,,
7683,,,,,,,,,,,,,,,,,,,,,,,,
7696,,,,,,,,,,,,,,,,,,,,,,,,
7710,,,,,,,,,,,,,,,,,,,,,,,,
7711,,,,,,,,,,,,,,,,,,,,,,,,
7718,,,,,,,,,,,,,,,,,,,,,,,,
7719,,,,,,,,,,,,,,,,,,,,,,,,
7757,,,,,,,,,,,,,,,,,,,,,,,,
7772,,,,,,,,,,,,,,,,,,,,,,,,
7787,,,,,,,,,,,,,,,,,,,,,,,,
7792,,,,,,,,,,,,,,,,,,,,,,,,
7803,,,,,,,,,,,,,,,,,,,,,,,,
7807,,,,,,,,,,,,,,,,,,,,,,,,
7810,,,,,,,,,,,,,,,,,,,,,,,,
7811,,,,,,,,,,,,,,,,,,,,,,,,
7814,,,,,,,,,,,,,,,,,,,,,,,,
7820,,,,,,,,,,,,,,,,,,,,,,,,
7832,,,,,,,,,,,,,,,,,,,,,,,,
7835,,,,,,,,,,,,,,,,,,,,,,,,
7839,,,,,,,,,,,,,,,,,,,,,,,,
7842,,,,,,,,,,,,,,,,,,,,,,,,
7846,,,,,,,,,,,,,,,,,,,,,,,,
7851,,,,,,,,,,,,,,,,,,,,,,,,
7853,,,,,,,,,,,,,,,,,,,,,,,,
7856,,,,,,,,,,,,,,,,,,,,,,,,
7860,,,,,,,,,,,,,,,,,,,,,,,,
7862,,,,,,,,,,,,,,,,,,,,,,,,
7867,,,,,,,,,,,,,,,,,,,,,,,,
7873,,,,,,,,,,,,,,,,,,,,,,,,
7878,,,,,,,,,,,,,,,,,,,,,,,,
7883,,,,,,,,,,,,,,,,,,,,,,,,
7888,,,,,,,,,,,,,,,,,,,,,,,,
7892,,,,,,,,,,,,,,,,,,,,,,,,
